{
  "apzor": {
    "login_url": "https://vbl9nnme4l.execute-api.eu-west-1.amazonaws.com/qa/auth/login",
    "org_url": "https://vbl9nnme4l.execute-api.eu-west-1.amazonaws.com/qa/org/getAll",
    "username": "admin@apzor.com",
    "password": "Tenetech@2023"
  },
  "securecitizen": {
    "token_url": "https://sts.uat.securecitizen.cloud/connect/token",
    "rsaid_url": "https://citizen.uat.securecitizen.cloud/Citizen/RSAIDVerification",
    "scope": "sc-citizen",
    "username": "Tenetech",
    "password": "0y6SMexifIT6KnC8!",
    "client_id": "ceae789d-70f3-4502-92d9-f73275e6a276",
    "client_secret": "63b73042-dda3-30ec-fb09-0a7c80090bd8"
  },
  "ofac": {
    "url": "https://search.ofac-api.com/v3",
    "api_key": "4bee15b2-8aff-4ce1-8570-354d98c93fac"
  }
}