{
    "TableName": "local-apz-kyc-customers",
    "KeySchema": [
      {
        "AttributeName": "id",
        "KeyType": "HASH"
      },
      {
        "AttributeName": "organisationId",
        "KeyType": "RANGE"
      }
    ],
    "AttributeDefinitions": [
      {
        "AttributeName": "id",
        "AttributeType": "S"
      },
      {
        "AttributeName": "organisationId",
        "AttributeType": "S"
      }
    ],
    "ProvisionedThroughput": {
      "ReadCapacityUnits": 2,
      "WriteCapacityUnits": 2
    }
}